{
  "IsCloudStoreUrl": true,
  "StoreUrl": "https://cloud.uipath.com/rpatenjqvira/RPATeamDefault/dataservice_/entities",
  "TenantName": "RPATeamDefault",
  "Namespace": "DigitalAssistantForFarmers",
  "SelectedEntitiesNames": [
    "FarmersData"
  ],
  "Entities": [
    {
      "Id": "d7b0ed93-d429-eb11-9fb4-000d3a22a01c",
      "Name": "FarmersData",
      "DisplayName": "FarmersData",
      "Description": "",
      "CreateTime": "2020-11-18T19:30:56.66Z",
      "UpdateTime": "2020-11-18T19:44:37.553Z",
      "Fields": [
        {
          "Id": "2d64236e-d629-eb11-9fb4-000d3a22a01c",
          "Name": "AadharCardIssuedOn",
          "DisplayName": "AadharCardIssuedOn",
          "Description": "",
          "CreateTime": "2020-11-18T19:44:12.26Z",
          "UpdateTime": "2020-11-18T19:44:12.26Z",
          "SqlType": {
            "Name": "NVARCHAR",
            "LengthLimit": 200,
            "MaxValue": null,
            "MinValue": null,
            "DecimalPrecision": null
          },
          "IsSystemField": false,
          "IsRequired": false,
          "ReferenceEntity": null,
          "ReferenceType": "ManyToOne",
          "FieldDisplayType": "Basic",
          "ReferenceChoiceSet": null,
          "IsAttachment": false
        },
        {
          "Id": "c0a25358-d629-eb11-9fb4-000d3a22a01c",
          "Name": "AadharCardNumber",
          "DisplayName": "AadharCardNumber",
          "Description": "",
          "CreateTime": "2020-11-18T19:43:35.66Z",
          "UpdateTime": "2020-11-18T19:43:35.66Z",
          "SqlType": {
            "Name": "NVARCHAR",
            "LengthLimit": 200,
            "MaxValue": null,
            "MinValue": null,
            "DecimalPrecision": null
          },
          "IsSystemField": false,
          "IsRequired": false,
          "ReferenceEntity": null,
          "ReferenceType": "ManyToOne",
          "FieldDisplayType": "Basic",
          "ReferenceChoiceSet": null,
          "IsAttachment": false
        },
        {
          "Id": "8de6cc43-d629-eb11-9fb4-000d3a22a01c",
          "Name": "Age",
          "DisplayName": "Age",
          "Description": "",
          "CreateTime": "2020-11-18T19:43:01.213Z",
          "UpdateTime": "2020-11-18T19:43:01.213Z",
          "SqlType": {
            "Name": "NVARCHAR",
            "LengthLimit": 200,
            "MaxValue": null,
            "MinValue": null,
            "DecimalPrecision": null
          },
          "IsSystemField": false,
          "IsRequired": false,
          "ReferenceEntity": null,
          "ReferenceType": "ManyToOne",
          "FieldDisplayType": "Basic",
          "ReferenceChoiceSet": null,
          "IsAttachment": false
        },
        {
          "Id": "054d3278-d629-eb11-9fb4-000d3a22a01c",
          "Name": "AnnualIncome",
          "DisplayName": "AnnualIncome",
          "Description": "",
          "CreateTime": "2020-11-18T19:44:37.553Z",
          "UpdateTime": "2020-11-18T19:44:37.553Z",
          "SqlType": {
            "Name": "NVARCHAR",
            "LengthLimit": 200,
            "MaxValue": null,
            "MinValue": null,
            "DecimalPrecision": null
          },
          "IsSystemField": false,
          "IsRequired": false,
          "ReferenceEntity": null,
          "ReferenceType": "ManyToOne",
          "FieldDisplayType": "Basic",
          "ReferenceChoiceSet": null,
          "IsAttachment": false
        },
        {
          "Id": "dab0ed93-d429-eb11-9fb4-000d3a22a01c",
          "Name": "CreatedBy",
          "DisplayName": "CreatedBy",
          "Description": "System built-in field",
          "CreateTime": "2020-11-18T19:30:56.673Z",
          "UpdateTime": "2020-11-18T19:30:56.673Z",
          "SqlType": {
            "Name": "UNIQUEIDENTIFIER",
            "LengthLimit": null,
            "MaxValue": null,
            "MinValue": null,
            "DecimalPrecision": null
          },
          "IsSystemField": true,
          "IsRequired": true,
          "ReferenceEntity": null,
          "ReferenceType": "ManyToOne",
          "FieldDisplayType": "Basic",
          "ReferenceChoiceSet": null,
          "IsAttachment": false
        },
        {
          "Id": "d9b0ed93-d429-eb11-9fb4-000d3a22a01c",
          "Name": "CreateTime",
          "DisplayName": "CreateTime",
          "Description": "System built-in field",
          "CreateTime": "2020-11-18T19:30:56.673Z",
          "UpdateTime": "2020-11-18T19:30:56.673Z",
          "SqlType": {
            "Name": "DATETIMEOFFSET",
            "LengthLimit": null,
            "MaxValue": null,
            "MinValue": null,
            "DecimalPrecision": null
          },
          "IsSystemField": true,
          "IsRequired": true,
          "ReferenceEntity": null,
          "ReferenceType": "ManyToOne",
          "FieldDisplayType": "Basic",
          "ReferenceChoiceSet": null,
          "IsAttachment": false
        },
        {
          "Id": "d8b0ed93-d429-eb11-9fb4-000d3a22a01c",
          "Name": "Id",
          "DisplayName": "Id",
          "Description": "System built-in field",
          "CreateTime": "2020-11-18T19:30:56.673Z",
          "UpdateTime": "2020-11-18T19:30:56.673Z",
          "SqlType": {
            "Name": "UNIQUEIDENTIFIER",
            "LengthLimit": null,
            "MaxValue": null,
            "MinValue": null,
            "DecimalPrecision": null
          },
          "IsSystemField": true,
          "IsRequired": true,
          "ReferenceEntity": null,
          "ReferenceType": "ManyToOne",
          "FieldDisplayType": "Basic",
          "ReferenceChoiceSet": null,
          "IsAttachment": false
        },
        {
          "Id": "2347f14d-d629-eb11-9fb4-000d3a22a01c",
          "Name": "LandAreaOwned",
          "DisplayName": "LandAreaOwned",
          "Description": "",
          "CreateTime": "2020-11-18T19:43:18.23Z",
          "UpdateTime": "2020-11-18T19:43:18.23Z",
          "SqlType": {
            "Name": "NVARCHAR",
            "LengthLimit": 200,
            "MaxValue": null,
            "MinValue": null,
            "DecimalPrecision": null
          },
          "IsSystemField": false,
          "IsRequired": false,
          "ReferenceEntity": null,
          "ReferenceType": "ManyToOne",
          "FieldDisplayType": "Basic",
          "ReferenceChoiceSet": null,
          "IsAttachment": false
        },
        {
          "Id": "46dde6a8-d429-eb11-9fb4-000d3a22a01c",
          "Name": "NameOfFarmer",
          "DisplayName": "NameOfFarmer",
          "Description": "",
          "CreateTime": "2020-11-18T19:31:31.847Z",
          "UpdateTime": "2020-11-18T19:31:31.847Z",
          "SqlType": {
            "Name": "NVARCHAR",
            "LengthLimit": 200,
            "MaxValue": null,
            "MinValue": null,
            "DecimalPrecision": null
          },
          "IsSystemField": false,
          "IsRequired": false,
          "ReferenceEntity": null,
          "ReferenceType": "ManyToOne",
          "FieldDisplayType": "Basic",
          "ReferenceChoiceSet": null,
          "IsAttachment": false
        },
        {
          "Id": "dcb0ed93-d429-eb11-9fb4-000d3a22a01c",
          "Name": "UpdatedBy",
          "DisplayName": "UpdatedBy",
          "Description": "System built-in field",
          "CreateTime": "2020-11-18T19:30:56.673Z",
          "UpdateTime": "2020-11-18T19:30:56.673Z",
          "SqlType": {
            "Name": "UNIQUEIDENTIFIER",
            "LengthLimit": null,
            "MaxValue": null,
            "MinValue": null,
            "DecimalPrecision": null
          },
          "IsSystemField": true,
          "IsRequired": false,
          "ReferenceEntity": null,
          "ReferenceType": "ManyToOne",
          "FieldDisplayType": "Basic",
          "ReferenceChoiceSet": null,
          "IsAttachment": false
        },
        {
          "Id": "dbb0ed93-d429-eb11-9fb4-000d3a22a01c",
          "Name": "UpdateTime",
          "DisplayName": "UpdateTime",
          "Description": "System built-in field",
          "CreateTime": "2020-11-18T19:30:56.673Z",
          "UpdateTime": "2020-11-18T19:30:56.673Z",
          "SqlType": {
            "Name": "DATETIMEOFFSET",
            "LengthLimit": null,
            "MaxValue": null,
            "MinValue": null,
            "DecimalPrecision": null
          },
          "IsSystemField": true,
          "IsRequired": false,
          "ReferenceEntity": null,
          "ReferenceType": "ManyToOne",
          "FieldDisplayType": "Basic",
          "ReferenceChoiceSet": null,
          "IsAttachment": false
        }
      ],
      "RecordCount": 0,
      "EntityType": "Entity"
    }
  ],
  "EntitiesJson": "{\"entities\":[{\"name\":\"FarmersData\",\"displayName\":\"FarmersData\",\"entityTypeId\":0,\"entityType\":\"Entity\",\"description\":\"\",\"fields\":[{\"id\":\"2d64236e-d629-eb11-9fb4-000d3a22a01c\",\"name\":\"AadharCardIssuedOn\",\"isPrimaryKey\":false,\"isForeignKey\":false,\"isUnique\":false,\"referenceType\":\"ManyToOne\",\"sqlType\":{\"name\":\"NVARCHAR\",\"lengthLimit\":200},\"isRequired\":false,\"displayName\":\"AadharCardIssuedOn\",\"description\":\"\",\"createTime\":\"2020-11-18T19:44:12.26Z\",\"createdBy\":\"7f903f8b-c960-43c2-87b0-9a6f36253dfd\",\"updateTime\":\"2020-11-18T19:44:12.26Z\",\"updatedBy\":\"7f903f8b-c960-43c2-87b0-9a6f36253dfd\",\"isSystemField\":false,\"fieldDisplayType\":\"Basic\",\"choiceSetId\":\"00000000-0000-0000-0000-000000000000\",\"isAttachment\":false,\"isRbacEnabled\":false},{\"id\":\"c0a25358-d629-eb11-9fb4-000d3a22a01c\",\"name\":\"AadharCardNumber\",\"isPrimaryKey\":false,\"isForeignKey\":false,\"isUnique\":false,\"referenceType\":\"ManyToOne\",\"sqlType\":{\"name\":\"NVARCHAR\",\"lengthLimit\":200},\"isRequired\":false,\"displayName\":\"AadharCardNumber\",\"description\":\"\",\"createTime\":\"2020-11-18T19:43:35.66Z\",\"createdBy\":\"7f903f8b-c960-43c2-87b0-9a6f36253dfd\",\"updateTime\":\"2020-11-18T19:43:35.66Z\",\"updatedBy\":\"7f903f8b-c960-43c2-87b0-9a6f36253dfd\",\"isSystemField\":false,\"fieldDisplayType\":\"Basic\",\"choiceSetId\":\"00000000-0000-0000-0000-000000000000\",\"isAttachment\":false,\"isRbacEnabled\":false},{\"id\":\"8de6cc43-d629-eb11-9fb4-000d3a22a01c\",\"name\":\"Age\",\"isPrimaryKey\":false,\"isForeignKey\":false,\"isUnique\":false,\"referenceType\":\"ManyToOne\",\"sqlType\":{\"name\":\"NVARCHAR\",\"lengthLimit\":200},\"isRequired\":false,\"displayName\":\"Age\",\"description\":\"\",\"createTime\":\"2020-11-18T19:43:01.213Z\",\"createdBy\":\"7f903f8b-c960-43c2-87b0-9a6f36253dfd\",\"updateTime\":\"2020-11-18T19:43:01.213Z\",\"updatedBy\":\"7f903f8b-c960-43c2-87b0-9a6f36253dfd\",\"isSystemField\":false,\"fieldDisplayType\":\"Basic\",\"choiceSetId\":\"00000000-0000-0000-0000-000000000000\",\"isAttachment\":false,\"isRbacEnabled\":false},{\"id\":\"054d3278-d629-eb11-9fb4-000d3a22a01c\",\"name\":\"AnnualIncome\",\"isPrimaryKey\":false,\"isForeignKey\":false,\"isUnique\":false,\"referenceType\":\"ManyToOne\",\"sqlType\":{\"name\":\"NVARCHAR\",\"lengthLimit\":200},\"isRequired\":false,\"displayName\":\"AnnualIncome\",\"description\":\"\",\"createTime\":\"2020-11-18T19:44:37.553Z\",\"createdBy\":\"7f903f8b-c960-43c2-87b0-9a6f36253dfd\",\"updateTime\":\"2020-11-18T19:44:37.553Z\",\"updatedBy\":\"7f903f8b-c960-43c2-87b0-9a6f36253dfd\",\"isSystemField\":false,\"fieldDisplayType\":\"Basic\",\"choiceSetId\":\"00000000-0000-0000-0000-000000000000\",\"isAttachment\":false,\"isRbacEnabled\":false},{\"id\":\"dab0ed93-d429-eb11-9fb4-000d3a22a01c\",\"name\":\"CreatedBy\",\"isPrimaryKey\":false,\"isForeignKey\":false,\"isUnique\":false,\"referenceType\":\"ManyToOne\",\"sqlType\":{\"name\":\"UNIQUEIDENTIFIER\"},\"isRequired\":true,\"displayName\":\"CreatedBy\",\"description\":\"System built-in field\",\"createTime\":\"2020-11-18T19:30:56.673Z\",\"createdBy\":\"7f903f8b-c960-43c2-87b0-9a6f36253dfd\",\"updateTime\":\"2020-11-18T19:30:56.673Z\",\"isSystemField\":true,\"fieldDisplayType\":\"Basic\",\"choiceSetId\":\"00000000-0000-0000-0000-000000000000\",\"isAttachment\":false,\"isRbacEnabled\":false},{\"id\":\"d9b0ed93-d429-eb11-9fb4-000d3a22a01c\",\"name\":\"CreateTime\",\"isPrimaryKey\":false,\"isForeignKey\":false,\"isUnique\":false,\"referenceType\":\"ManyToOne\",\"sqlType\":{\"name\":\"DATETIMEOFFSET\"},\"isRequired\":true,\"displayName\":\"CreateTime\",\"description\":\"System built-in field\",\"createTime\":\"2020-11-18T19:30:56.673Z\",\"createdBy\":\"7f903f8b-c960-43c2-87b0-9a6f36253dfd\",\"updateTime\":\"2020-11-18T19:30:56.673Z\",\"isSystemField\":true,\"fieldDisplayType\":\"Basic\",\"choiceSetId\":\"00000000-0000-0000-0000-000000000000\",\"isAttachment\":false,\"isRbacEnabled\":false},{\"id\":\"d8b0ed93-d429-eb11-9fb4-000d3a22a01c\",\"name\":\"Id\",\"isPrimaryKey\":true,\"isForeignKey\":false,\"isUnique\":false,\"referenceType\":\"ManyToOne\",\"sqlType\":{\"name\":\"UNIQUEIDENTIFIER\"},\"isRequired\":true,\"displayName\":\"Id\",\"description\":\"System built-in field\",\"createTime\":\"2020-11-18T19:30:56.673Z\",\"createdBy\":\"7f903f8b-c960-43c2-87b0-9a6f36253dfd\",\"updateTime\":\"2020-11-18T19:30:56.673Z\",\"isSystemField\":true,\"fieldDisplayType\":\"Basic\",\"choiceSetId\":\"00000000-0000-0000-0000-000000000000\",\"isAttachment\":false,\"isRbacEnabled\":false},{\"id\":\"2347f14d-d629-eb11-9fb4-000d3a22a01c\",\"name\":\"LandAreaOwned\",\"isPrimaryKey\":false,\"isForeignKey\":false,\"isUnique\":false,\"referenceType\":\"ManyToOne\",\"sqlType\":{\"name\":\"NVARCHAR\",\"lengthLimit\":200},\"isRequired\":false,\"displayName\":\"LandAreaOwned\",\"description\":\"\",\"createTime\":\"2020-11-18T19:43:18.23Z\",\"createdBy\":\"7f903f8b-c960-43c2-87b0-9a6f36253dfd\",\"updateTime\":\"2020-11-18T19:43:18.23Z\",\"updatedBy\":\"7f903f8b-c960-43c2-87b0-9a6f36253dfd\",\"isSystemField\":false,\"fieldDisplayType\":\"Basic\",\"choiceSetId\":\"00000000-0000-0000-0000-000000000000\",\"isAttachment\":false,\"isRbacEnabled\":false},{\"id\":\"46dde6a8-d429-eb11-9fb4-000d3a22a01c\",\"name\":\"NameOfFarmer\",\"isPrimaryKey\":false,\"isForeignKey\":false,\"isUnique\":false,\"referenceType\":\"ManyToOne\",\"sqlType\":{\"name\":\"NVARCHAR\",\"lengthLimit\":200},\"isRequired\":false,\"displayName\":\"NameOfFarmer\",\"description\":\"\",\"createTime\":\"2020-11-18T19:31:31.847Z\",\"createdBy\":\"7f903f8b-c960-43c2-87b0-9a6f36253dfd\",\"updateTime\":\"2020-11-18T19:31:31.847Z\",\"updatedBy\":\"7f903f8b-c960-43c2-87b0-9a6f36253dfd\",\"isSystemField\":false,\"fieldDisplayType\":\"Basic\",\"choiceSetId\":\"00000000-0000-0000-0000-000000000000\",\"isAttachment\":false,\"isRbacEnabled\":false},{\"id\":\"dcb0ed93-d429-eb11-9fb4-000d3a22a01c\",\"name\":\"UpdatedBy\",\"isPrimaryKey\":false,\"isForeignKey\":false,\"isUnique\":false,\"referenceType\":\"ManyToOne\",\"sqlType\":{\"name\":\"UNIQUEIDENTIFIER\"},\"isRequired\":false,\"displayName\":\"UpdatedBy\",\"description\":\"System built-in field\",\"createTime\":\"2020-11-18T19:30:56.673Z\",\"createdBy\":\"7f903f8b-c960-43c2-87b0-9a6f36253dfd\",\"updateTime\":\"2020-11-18T19:30:56.673Z\",\"isSystemField\":true,\"fieldDisplayType\":\"Basic\",\"choiceSetId\":\"00000000-0000-0000-0000-000000000000\",\"isAttachment\":false,\"isRbacEnabled\":false},{\"id\":\"dbb0ed93-d429-eb11-9fb4-000d3a22a01c\",\"name\":\"UpdateTime\",\"isPrimaryKey\":false,\"isForeignKey\":false,\"isUnique\":false,\"referenceType\":\"ManyToOne\",\"sqlType\":{\"name\":\"DATETIMEOFFSET\"},\"isRequired\":false,\"displayName\":\"UpdateTime\",\"description\":\"System built-in field\",\"createTime\":\"2020-11-18T19:30:56.673Z\",\"createdBy\":\"7f903f8b-c960-43c2-87b0-9a6f36253dfd\",\"updateTime\":\"2020-11-18T19:30:56.673Z\",\"isSystemField\":true,\"fieldDisplayType\":\"Basic\",\"choiceSetId\":\"00000000-0000-0000-0000-000000000000\",\"isAttachment\":false,\"isRbacEnabled\":false}],\"recordCount\":0,\"storageSizeInMB\":0.0,\"usedStorageSizeInMB\":0.0,\"isRbacEnabled\":false,\"id\":\"d7b0ed93-d429-eb11-9fb4-000d3a22a01c\",\"createdBy\":\"7f903f8b-c960-43c2-87b0-9a6f36253dfd\",\"createTime\":\"2020-11-18T19:30:56.66Z\",\"updateTime\":\"2020-11-18T19:44:37.553Z\",\"updatedBy\":\"7f903f8b-c960-43c2-87b0-9a6f36253dfd\"}],\"choicesets\":[]}"
}